"Parameters","BP_Fall_min","BP_Fall_max","BP_Fall_mean","BP_Spring_min","BP_Spring_max","BP_Spring_mean","W_Fall_min","W_Fall_max","W_Fall_mean","W_Spring_min","W_Spring_max","W_Spring_mean"
"Tempin",25.97532077,28.80420676,26.8665552422785,23.44991079,26.93809503,24.6938363758571,24.17257622,28.49729411,26.2699703925316,23.26102354,26.14198803,24.3569181669737
"TAdiff",-4.06628932147737,59.7631296768211,28.9775786755355,-9.37430689243774,99.167288335467,36.9197926544759,20.9262765240182,57.8698256763955,37.2977224297409,-7.84002894113337,64.1207263630072,26.3657932710854
"Silicate",1.72,78.7,12.410253164557,1.09,136.95,19.6565714285714,1.03,198.43,16.6178481012658,1.4,157.93,13.1113157894737
"Salinity",31.43383975,34.64521502,34.1992496458228,29.00382403,34.67149674,33.8969549275714,25.96034904,34.6359029,33.9508308831646,27.7402879,34.61964173,34.1049398498684
"pH",7.872,8.238,8.03091115255696,7.862096882,8.325,8.08987017197143,7.901,8.199,8.04743037974684,7.845,8.118,7.98226315789474
"percentsgd",0.19337320865529,10.6105755308064,1.64001558446986,0.108119409448286,18.4931688701842,2.62061266743865,0.1,24.501399310234,2.02687591644509,0.145737171959405,19.4950331903532,1.59341950745685
"NN",0.02,18.91,2.20683544303797,0.06,32.39,3.354,0.04,11.69,0.772911392405063,0.11,7.92,0.60828947368421
"DICdiff",-122.365465680839,214.599014144457,32.7005043369891,-136.580042360321,310.972239059106,56.5860893713947,-41.120498918498,185.048596368049,68.6544558242495,-140.666776099535,105.881521462084,-5.25660059283091
